{"gfx/2d": {"prev": 53.30447810887298, "cur": 53.66}, "gfx/cairo": {"prev": 26.842350746268657, "cur": 26.72}, "accessible/html": {"prev": 96.43366619115548, "cur": 96.43}, "dom/power": {"prev": 64.4927536231884, "cur": 64.49}, "dom/time": {"prev": 13.0, "cur": 13.0}, "dom/vr": {"prev": 57.6271186440678, "cur": 57.63}, "image/decoders": {"prev": 86.59877800407332, "cur": 86.64}, "ipc/app": {"prev": 100.0, "cur": 100.0}, "xpfe/appshell": {"prev": 70.67669172932331, "cur": 70.71}, "media/gmp-clearkey": {"prev": 93.75, "cur": 93.75}, "uriloader/exthandler": {"prev": 65.02293577981652, "cur": 65.02}, "intl/chardet": {"prev": 0.0, "cur": 0.0}, "parser/expat": {"prev": 63.36452864642775, "cur": 63.41}, "dom/html": {"prev": 89.12356256013194, "cur": 89.16}, "dom/filehandle": {"prev": 82.13991769547326, "cur": 82.14}, "netwerk/build": {"prev": 82.53968253968253, "cur": 82.54}, "intl/build": {"prev": 50.0, "cur": 50.0}, "caps/tests": {"prev": 100.0, "cur": 100.0}, "hal": {"prev": 37.65008576329331, "cur": 37.65}, "dom/webauthn": {"prev": 0.0, "cur": 0.0}, "js/ductwork": {"prev": 93.75, "cur": 93.75}, "devtools/shared": {"prev": 70.16274864376129, "cur": 70.12}, "dom/workers": {"prev": 87.62337996738478, "cur": 87.59}, "modules/brotli": {"prev": 79.63369963369964, "cur": 79.63}, "security/certverifier": {"prev": 87.05934850513164, "cur": 87.06}, "layout/printing": {"prev": 42.00988467874794, "cur": 42.01}, "dom/encoding": {"prev": 90.85714285714286, "cur": 90.86}, "layout/mathml": {"prev": 92.79116102155407, "cur": 92.79}, "layout/xul": {"prev": 85.24133462908972, "cur": 85.23}, "mfbt": {"prev": 86.27476369286546, "cur": 86.27}, "dom/audiochannel": {"prev": 78.9041095890411, "cur": 79.04}, "layout/forms": {"prev": 89.88353505366521, "cur": 89.86}, "media/libav": {"prev": 10.081053698074975, "cur": 10.08}, "dom/xbl": {"prev": 93.53825443123178, "cur": 93.58}, "modules/zlib": {"prev": 49.74779319041614, "cur": 49.75}, "media/libvpx": {"prev": 18.961835404917046, "cur": 18.97}, "media/ffvpx": {"prev": 37.13541020230855, "cur": 37.12}, "dom/mathml": {"prev": 97.50692520775624, "cur": 97.51}, "dom/battery": {"prev": 61.111111111111114, "cur": 61.11}, "startupcache/test": {"prev": 100.0, "cur": 100.0}, "image/test": {"prev": 95.38771980397809, "cur": 95.39}, "media/libcubeb": {"prev": 69.9952221691352, "cur": 70.0}, "security/nss": {"prev": 44.926627242498455, "cur": 45.21}, "media/psshparser": {"prev": 96.7032967032967, "cur": 96.7}, "dom/notification": {"prev": 79.27369353410097, "cur": 79.27}, "dom/indexedDB": {"prev": 85.99816137472598, "cur": 85.96}, "dom/worklet": {"prev": 75.34883720930232, "cur": 75.35}, "toolkit/xre": {"prev": 55.104, "cur": 55.07}, "db": {"prev": 65.98183052263353, "cur": 65.96}, "modules/libbz2": {"prev": 23.57103973870441, "cur": 23.57}, "security/manager": {"prev": 70.1931330472103, "cur": 70.09}, "caps": {"prev": 87.62522097819682, "cur": 87.63}, "mfbt/double-conversion": {"prev": 55.942376950780314, "cur": 55.94}, "toolkit/crashreporter": {"prev": 46.98412698412698, "cur": 46.98}, "dom/ipc": {"prev": 31.46952479338843, "cur": 31.48}, "intl/strres": {"prev": 52.16216216216216, "cur": 52.16}, "toolkit/system": {"prev": 42.33261339092873, "cur": 42.33}, "dom/network": {"prev": 46.677559912854036, "cur": 46.68}, "widget/headless": {"prev": 49.46236559139785, "cur": 49.46}, "dom/storage": {"prev": 74.93261455525607, "cur": 74.93}, "xpcom": {"prev": 83.0418856505813, "cur": 83.04}, "storage/build": {"prev": 100.0, "cur": 100.0}, "layout/style": {"prev": 90.39223839223838, "cur": 90.1}, "dom/gamepad": {"prev": 73.63083164300203, "cur": 73.63}, "dom/svg": {"prev": 90.35207314139065, "cur": 90.38}, "mozglue": {"prev": 69.95153473344104, "cur": 69.95}, "dom/jsurl": {"prev": 80.5439330543933, "cur": 80.54}, "editor/txtsvc": {"prev": 48.88569374550683, "cur": 48.89}, "rdf/build": {"prev": 100.0, "cur": 100.0}, "dom/u2f": {"prev": 0.22123893805309736, "cur": 0.22}, "xpcom/components": {"prev": 87.30043541364296, "cur": 87.3}, "accessible/ipc": {"prev": 8.599651365485183, "cur": 8.6}, "netwerk/sctp": {"prev": 28.492042490454768, "cur": 28.5}, "security": {"prev": 49.44831407313598, "cur": 49.68}, "docshell/base": {"prev": 80.8830971659919, "cur": 80.88}, "browser/app": {"prev": 49.275362318840585, "cur": 49.28}, "accessible": {"prev": 71.98167121453946, "cur": 72.0}, "dom/console": {"prev": 92.80898876404494, "cur": 92.81}, "gfx": {"prev": 34.57594660547197, "cur": 34.57}, "layout/tables": {"prev": 93.67730759712943, "cur": 93.68}, "dom/xhr": {"prev": 86.64563617245005, "cur": 86.79}, "dom/json": {"prev": 88.10408921933085, "cur": 88.1}, "memory/volatile": {"prev": 92.5925925925926, "cur": 92.59}, "editor/libeditor": {"prev": 74.08423882603337, "cur": 74.08}, "security/sandbox": {"prev": 19.02532453713556, "cur": 19.45}, "testing": {"prev": 38.53950103950104, "cur": 38.54}, "dom/permission": {"prev": 81.28654970760235, "cur": 81.29}, "security/apps": {"prev": 88.78504672897196, "cur": 88.79}, "media/libnestegg": {"prev": 79.53603976801989, "cur": 79.87}, "db/sqlite3": {"prev": 65.98183052263353, "cur": 65.96}, "tools/profiler": {"prev": 83.37641357027464, "cur": 83.5}, "extensions/cookie": {"prev": 90.71207430340557, "cur": 90.71}, "layout/ipc": {"prev": 66.66666666666666, "cur": 66.36}, "modules/libjar": {"prev": 83.1913499344692, "cur": 83.39}, "hal/linux": {"prev": 16.08040201005025, "cur": 16.08}, "layout/generic": {"prev": 91.01901756541652, "cur": 90.99}, "mfbt/decimal": {"prev": 81.88679245283019, "cur": 81.89}, "gfx/config": {"prev": 37.919463087248324, "cur": 37.92}, "netwerk/cookie": {"prev": 84.99218342886921, "cur": 84.99}, "gfx/angle": {"prev": 48.04032766225583, "cur": 48.04}, "gfx/harfbuzz": {"prev": 59.38281901584654, "cur": 59.38}, "gfx/qcms": {"prev": 37.6040703052729, "cur": 37.6}, "xpcom/build": {"prev": 70.23575638506875, "cur": 70.24}, "security/pkix": {"prev": 94.90876323496283, "cur": 94.91}, "intl/uconv": {"prev": 81.44870534251065, "cur": 81.45}, "gfx/layers": {"prev": 47.19666065838155, "cur": 47.2}, "dom/url": {"prev": 93.35664335664336, "cur": 93.47}, "media/kiss_fft": {"prev": 0.0, "cur": 0.0}, "image/encoders": {"prev": 76.64728682170544, "cur": 76.65}, "mozglue/misc": {"prev": 68.16608996539793, "cur": 68.17}, "xpcom/tests": {"prev": 96.7461044912924, "cur": 96.76}, "accessible/xpcom": {"prev": 83.87728459530027, "cur": 83.94}, "extensions/pref": {"prev": 35.754189944134076, "cur": 35.75}, "widget": {"prev": 51.36184807828105, "cur": 51.38}, "gfx/gl": {"prev": 37.77359781121751, "cur": 37.77}, "dom/smil": {"prev": 96.6858302333446, "cur": 96.69}, "dom/broadcastchannel": {"prev": 88.1159420289855, "cur": 88.12}, "gfx/graphite2": {"prev": 49.076340974849764, "cur": 49.08}, "dom/presentation": {"prev": 75.04322766570604, "cur": 75.04}, "rdf/datasource": {"prev": 19.332161687170473, "cur": 19.33}, "js": {"prev": 74.67151495751077, "cur": 74.52}, "netwerk/mime": {"prev": 81.04448742746615, "cur": 81.04}, "dom/performance": {"prev": 87.18954248366013, "cur": 87.19}, "layout": {"prev": 88.4853969994649, "cur": 88.4}, "layout/build": {"prev": 94.83146067415731, "cur": 94.83}, "docshell/shistory": {"prev": 87.5776397515528, "cur": 87.58}, "gfx/src": {"prev": 79.64980544747081, "cur": 79.65}, "gfx/vr": {"prev": 36.83914510686164, "cur": 36.84}, "parser/html": {"prev": 89.26931106471815, "cur": 89.27}, "dom/crypto": {"prev": 88.16889632107024, "cur": 88.17}, "dom/offline": {"prev": 91.06628242074927, "cur": 91.07}, "extensions/spellcheck": {"prev": 59.687936655798794, "cur": 59.69}, "netwerk/test": {"prev": 96.68304668304668, "cur": 96.68}, "layout/inspector": {"prev": 47.08520179372198, "cur": 47.09}, "intl/icu": {"prev": 17.648305334165265, "cur": 17.64}, "js/xpconnect": {"prev": 84.25932963441514, "cur": 84.21}, "netwerk/cache": {"prev": 52.99436956150827, "cur": 52.98}, "intl/lwbrk": {"prev": 88.75968992248062, "cur": 88.76}, "dom/bindings": {"prev": 87.60831889081456, "cur": 87.78},